-- MySQL dump 10.13  Distrib 8.0.23, for Win64 (x86_64)
--
-- Host: localhost    Database: students
-- ------------------------------------------------------
-- Server version	8.0.23

/*!40101 SET @OLD_CHARACTER_SET_CLIENT=@@CHARACTER_SET_CLIENT */;
/*!40101 SET @OLD_CHARACTER_SET_RESULTS=@@CHARACTER_SET_RESULTS */;
/*!40101 SET @OLD_COLLATION_CONNECTION=@@COLLATION_CONNECTION */;
/*!50503 SET NAMES utf8mb4 */;
/*!40103 SET @OLD_TIME_ZONE=@@TIME_ZONE */;
/*!40103 SET TIME_ZONE='+00:00' */;
/*!40014 SET @OLD_UNIQUE_CHECKS=@@UNIQUE_CHECKS, UNIQUE_CHECKS=0 */;
/*!40014 SET @OLD_FOREIGN_KEY_CHECKS=@@FOREIGN_KEY_CHECKS, FOREIGN_KEY_CHECKS=0 */;
/*!40101 SET @OLD_SQL_MODE=@@SQL_MODE, SQL_MODE='NO_AUTO_VALUE_ON_ZERO' */;
/*!40111 SET @OLD_SQL_NOTES=@@SQL_NOTES, SQL_NOTES=0 */;

--
-- Table structure for table `course`
--

DROP TABLE IF EXISTS `course`;
/*!40101 SET @saved_cs_client     = @@character_set_client */;
/*!50503 SET character_set_client = utf8mb4 */;
CREATE TABLE `course` (
  `cno` char(4) NOT NULL,
  `cname` char(40) NOT NULL,
  `cpno` char(4) DEFAULT NULL,
  `ccredit` smallint DEFAULT NULL,
  PRIMARY KEY (`cno`),
  KEY `cpno` (`cpno`),
  CONSTRAINT `course_ibfk_1` FOREIGN KEY (`cpno`) REFERENCES `course` (`cno`)
) ENGINE=InnoDB DEFAULT CHARSET=gbk;
/*!40101 SET character_set_client = @saved_cs_client */;

--
-- Dumping data for table `course`
--

LOCK TABLES `course` WRITE;
/*!40000 ALTER TABLE `course` DISABLE KEYS */;
INSERT INTO `course` VALUES ('1','数据库','5',4),('2','数学',NULL,2),('3','信息系统','1',4),('4','操作系统','6',3),('5','数据结构','7',4),('6','数据处理',NULL,2),('7','PASCAL语言','6',4);
/*!40000 ALTER TABLE `course` ENABLE KEYS */;
UNLOCK TABLES;

--
-- Table structure for table `sc`
--

DROP TABLE IF EXISTS `sc`;
/*!40101 SET @saved_cs_client     = @@character_set_client */;
/*!50503 SET character_set_client = utf8mb4 */;
CREATE TABLE `sc` (
  `sno` char(9) NOT NULL,
  `cno` char(4) NOT NULL,
  `grade` smallint DEFAULT NULL,
  PRIMARY KEY (`sno`,`cno`),
  KEY `cno` (`cno`),
  CONSTRAINT `sc_ibfk_1` FOREIGN KEY (`sno`) REFERENCES `student` (`sno`),
  CONSTRAINT `sc_ibfk_2` FOREIGN KEY (`cno`) REFERENCES `course` (`cno`)
) ENGINE=InnoDB DEFAULT CHARSET=gbk;
/*!40101 SET character_set_client = @saved_cs_client */;

--
-- Dumping data for table `sc`
--

LOCK TABLES `sc` WRITE;
/*!40000 ALTER TABLE `sc` DISABLE KEYS */;
INSERT INTO `sc` VALUES ('201215121','1',92),('201215121','2',85),('201215121','3',88),('201215122','2',90),('201215122','3',80);
/*!40000 ALTER TABLE `sc` ENABLE KEYS */;
UNLOCK TABLES;

--
-- Table structure for table `student`
--

DROP TABLE IF EXISTS `student`;
/*!40101 SET @saved_cs_client     = @@character_set_client */;
/*!50503 SET character_set_client = utf8mb4 */;
CREATE TABLE `student` (
  `sno` char(9) NOT NULL,
  `sname` char(20) DEFAULT NULL,
  `ssex` char(2) DEFAULT NULL,
  `sage` smallint DEFAULT NULL,
  `sdept` char(20) DEFAULT NULL,
  PRIMARY KEY (`sno`),
  UNIQUE KEY `sname` (`sname`)
) ENGINE=InnoDB DEFAULT CHARSET=gbk;
/*!40101 SET character_set_client = @saved_cs_client */;

--
-- Dumping data for table `student`
--

LOCK TABLES `student` WRITE;
/*!40000 ALTER TABLE `student` DISABLE KEYS */;
INSERT INTO `student` VALUES ('201215121','李勇','男',20,'CS'),('201215122','刘晨','女',19,'CS'),('201215123','王敏','女',18,'MA'),('201215125','张立','男',19,'IS');
/*!40000 ALTER TABLE `student` ENABLE KEYS */;
UNLOCK TABLES;
/*!40103 SET TIME_ZONE=@OLD_TIME_ZONE */;

/*!40101 SET SQL_MODE=@OLD_SQL_MODE */;
/*!40014 SET FOREIGN_KEY_CHECKS=@OLD_FOREIGN_KEY_CHECKS */;
/*!40014 SET UNIQUE_CHECKS=@OLD_UNIQUE_CHECKS */;
/*!40101 SET CHARACTER_SET_CLIENT=@OLD_CHARACTER_SET_CLIENT */;
/*!40101 SET CHARACTER_SET_RESULTS=@OLD_CHARACTER_SET_RESULTS */;
/*!40101 SET COLLATION_CONNECTION=@OLD_COLLATION_CONNECTION */;
/*!40111 SET SQL_NOTES=@OLD_SQL_NOTES */;

-- Dump completed on 2021-04-07 22:55:30
